0	0	Univ London London Sch Econ & Polit Sci, Houghton St, London WC2A 2AE, UK
0	1	Univ Oxford, Dept Econ, Oxford OX1 3UQ, UK
1	0	London Sch Econ & Polit Sci, London, UK
1	1	Univ Oxford, Oxford, UK
1	2	Monash Univ, Clayton, Vic, Australia
2	0	Univ British Columbia, Ctr Human Settlements, Sch Community & Reg Planning, Vancouver, BC V6T 1Z2, Canada
3	0	Univ Iowa, Tippie Coll Business, Iowa City, USA
3	1	Erasmus Univ, Erasmus Sch Econ, NL-3000 DR Rotterdam, Netherlands
3	2	Univ Fed Rio Grande do Sul, BR-90010460 Porto Alegre, RS, Brazil
4	0	Univ Bergen, Ctr Climate & Energy Transformat, Bergen, Norway
4	1	Univ Bergen, Dept Geog, POB 7802, Bergen, Norway
5	0	Politecn Milan, Milan, Italy
6	0	Queen Mary Univ London, Sch Business & Management, London E1 4NS, UK
6	1	King Abdullah Econ City, MBS Coll Business & Entrepreneurship, Jeddah 239652609, Saudi Arabia
7	0	Univ IUAV Venice, DCP Dept Architecture & Arts, San Polo 2468, I-30125 Venice, Italy
8	0	Univ Witwatersrand, 1 Jan Smuts Ave, ZA-2000 Johannesburg, South Africa
9	0	Univ Leeds, Sch Geog, Leeds LS2 9JT, W Yorkshire, UK
9	1	Univ Leeds, Sch Earth & Environm, Maths Earth & Environm Bldg, Leeds LS2 9JT, W Yorkshire, UK
9	2	Univ Leeds, Sch Business, Maurice Keyworth Bldg, Moorland Rd, Leeds LS6 1AN, W Yorkshire, UK
10	0	Nanjing Forestry Univ, Coinnovat Ctr Efficient Proc & Utilizat Forest Res, Sch Mat Sci & Engn, Nanjing 210037, Jiangsu, Peoples R China
10	1	Georg August Univ Gottingen, Dept Wood Technol & Wood Based Composites, Sustainable Mat & Chem, Busgenweg 4, D-37077 Gottingen, Germany
10	2	Nanjing Univ Sci & Technol, Inst Chemicobiol & Funct Mat, Sch Chem & Chem Engn, Nanjing 210094, Peoples R China
10	3	Univ Appl Sci & Arts, Fac Engn & Hlth, D-37085 Gottingen, Germany
11	0	Politehn Univ Timisoara, Fac Architecture, Timisoara, Romania
12	0	Gdansk Univ Technol, Fac Architecture, Ul Narutowicza 11-12, PL-80233 Gdansk, Poland
12	1	Gdansk Univ Technol, Fac Civil & Environm Engn, Ul Narutowicza 11-12, PL-80233 Gdansk, Poland
13	0	Univ Laval, Fac Sci Adm, Dept Management, Quebec City, PQ, Canada
13	1	Univ Laval, Ctr Rech Gest Serv Sante, Quebec City, PQ, Canada
13	2	Univ Laval, CHU Quebec, Ctr Rech, Quebec City, PQ, Canada
13	3	CISSS Chaudiere Appalaches, Ctr Rech, Quebec City, PQ, Canada
13	4	Univ Laval, Ctr Rech Sante Durable, VITAM, Quebec City, PQ, Canada
13	5	Univ Laval, Inst Univ Cardio Pneumol Quebec, Ctr Rech, Quebec City, PQ, Canada
13	6	Univ Laval, Fac Sci Adm, Dept Management, 2325 Rue Terrasse, Quebec City, PQ G1V 0A6, Canada
14	0	Saitama Univ, Dept Civil & Environm Engn, Saitama City 3388570, Japan
15	0	South China Univ Technol, Natl Engn Res Ctr Novel Equipment Polymer Proc, Dept Mech & Automot Engn, Key Lab Polymer Proc Engn, Minist Educ, Guangdong Pr, Guangzhou 510641, Peoples R China
16	0	Univ Padua, Dept Geosci, Via G Gradenigo 6, I-35131 Padua, Italy
16	1	Univ Padua, Dept Cultural Heritage, Piazza Capitaniato 7, I-35139 Padua, Italy
16	2	Univ Granada, Fac Sci, Dept Mineral & Petrol, Ave Fuente Nueva S-N, Granada 18002, Spain
17	0	Univ Notre Dame, Notre Dame, USA
17	1	Yale Univ, New Haven, USA
17	2	Univ Chicago, Chicago, USA
17	3	Fed Reserve Bank Philadelphia, Philadelphia, USA
17	4	Univ Nebraska, Lincoln, USA
17	5	Harvard Univ, Cambridge, USA
17	6	Natl Bur Econ Res, Cambridge, USA
18	0	City Univ Hong Kong, Sch Energy & Environm, Kowloon Tong, Tat Chee Ave, Hong Kong, Peoples R China
18	1	Zhejiang Univ, Sch Mech Engn, State Key Lab Fluid Power & Mechatron Syst, Hangzhou, Peoples R China
18	2	Zhejiang Univ, Sch Mech Engn, Key Lab Adv Mfg Technol Zhejiang Prov, Hangzhou, Peoples R China
18	3	Hong Kong Univ Sci & Technol, Dept Mech & Aerosp Engn, Kowloon, Clear Water Bay, Hong Kong, Peoples R China
18	4	City Univ Hong Kong, Dept Phys, Kowloon Tong, Tat Chee Ave, Hong Kong, Peoples R China
18	5	City Univ Hong Kong, Dept Mat Sci & Engn, Kowloon Tong, Tat Chee Ave, Hong Kong, Peoples R China
18	6	City Univ Hong Kong, Hong Kong Inst Clean Energy, Kowloon Tong, Tat Chee Ave, Hong Kong, Peoples R China
18	7	City Univ Hong Kong, Dept Chem, Kowloon Tong, Tat Chee Ave, Hong Kong, Peoples R China
19	0	Int Inst Appl Syst Anal IIASA, Energy Climate & Environm ECE Program, Schlosspl 1, A-2361 Laxenburg, Austria
19	1	Yale Univ, Yale Sch Environm, New Haven, USA
20	0	Univ Bath, Dept Architecture & Civil Engn, BRE Ctr Innovat Construct Mat, Bath BA2 7AY, Avon, UK
20	1	Univ Laval, Dept Wood & Forest Sci, Quebec City, PQ G1V 0A6, Canada
21	0	Seoul Metropolitan Govt, 131 Taebong Ro, Seoul 06763, South Korea
21	1	Korea Inst Civil Engn & Bldg Technol, 283 Goyangdae Ro, Goyang Si 411712, Gyeonggi Do, South Korea
22	0	Guangdong Univ Technol, Sch Civil & Transportat Engn, Guangzhou, Peoples R China
22	1	South China Univ Technol, State Key Lab Subtrop Bldg Sci, Guangzhou, Peoples R China
22	2	Univ Hong Kong, Dept Civil Engn, Hong Kong, Peoples R China
23	0	Tallinn Univ Technol, Dept Civil Engn & Architecture, EE-19086 Tallinn, Estonia
23	1	Ctr Energy Efficiency EnEffect, Sofia 1164, Bulgaria
23	2	Valencia Inst Bldg, Valencia 46018, Spain
23	3	Spanish Tech Assoc Air Conditioning & Refrigerat, Madrid 28043, Spain
23	4	SAS TIPEE Plateforme Technol Batiment Durable, F-17140 Lagord, France
23	5	Comfort Consulting Ltd, H-2310 Szigetszentmiklos, Hungary
23	6	AiCARR Assoc Italiana Condizionamento Aria Riscal, I-20125 Milan, Italy
23	7	HIA Huygen Engineers & Consultants, NL-6167 Sittard Geleen, Netherlands
23	8	KTH Royal Inst Technol, Div Bldg Serv & Energy Syst, S-10044 Stockholm, Sweden
23	9	AIIR Asociatia Inginerilor Instalatii Filiala Val, Bucharest 021414, Romania
23	10	Aalto Univ, Dept Civil Engn, Aalto 00076, Finland
23	11	Tallinn Univ Technol, Smart City Ctr Excellence, EE-19086 Tallinn, Estonia
24	0	Univ Laval, Ctr Integre Univ Desante & Serv Sociaux Capitale N, VITAM Ctr Rech Sante Durable, Quebec City, PQ, Canada
24	1	Univ Laval, Unite Soutien Syst Sante Apprenant Quebec, Quebec City, PQ, Canada
24	2	Univ Laval, Fac Med, Quebec City, PQ, Canada
24	3	Univ Laval, CubecXpert, Quebec City, PQ, Canada
24	4	Univ Laval, Fac Nursing, Quebec City, PQ, Canada
24	5	McGill Univ, Fac Med & Hlth Sci, Sch Phys & Occupat Therapy, Montreal, PQ, Canada
24	6	Stellenbosch Univ, Int Dev Res Ctr, Stellenbosch, South Africa
24	7	Stellenbosch Univ, Fac Med & Hlth Sci, Stellenbosch, South Africa
24	8	Univ Sydney, Sch Publ Hlth, Sydney, Australia
24	9	NSW Minist Hlth, Ctr Epidemiol & Evidence, St Leonards, Australia
24	10	Univ Newcastle, Sch Med & Publ Hlth, Newcastle, Australia
24	11	Univ Newcastle, Natl Ctr Implementat Sci, Newcastle, Australia
24	12	Hunter New England Populat Hlth, Callaghan, Australia
24	13	VITAM Ctr Rech Sante Durable, 2480 Chemin Canardiere, Quebec City, PQ G1G 2G1, Canada
25	0	Beijing Normal Univ, Sch Environm, State Key Lab Water Environm Simulat, Beijing 100875, Peoples R China
25	1	Minist Ecol & Environm Peoples Republ China, Solid Waste & Chem Management Ctr, Yuhuinanlu 1, Beijing 100029, Peoples R China
26	0	Univ Barcelona, Fac Pharm & Food Sci, Dept Biol Hlth & Environm, Av Joan XXIII S-N, Barcelona 08012, Spain
26	1	Univ Barcelona, Solidar Fdn Univ Barcelona, Nat Based Solut Sustainable Dev Area, Melcior Palau 140, Barcelona 08014, Spain
26	2	Univ A Coruna, SEDAQUA, Lab Chem Phys & Chem Engn, Campus A Zapateira S-N, La Coruna 15008, Spain
26	3	Gaston Berger Univ St Louis, Appl Sci & Technol Training & Res Unit, Lab Atmospher & Ocean Sci, BP 234, St Louis, Senegal
26	4	Gaston Berger Univ St Louis, Geog Dept, BP 234, St Louis, Senegal
27	0	Univ Paris Cite, Ladyss, UMR 533, Paris, France
27	1	LabEx DynamiTe, Paris, France
28	0	Univ Southern Denmark, Dept Green Technol, SDU Life Cycle Engn, DK-5230 Odense, Denmark
28	1	Univ Sheffield, Dept Civil & Struct Engn, Sheffield, S Yorkshire, UK
29	0	Am Inst Sust Sci & Tech, Iowa City, USA
30	0	Huazhong Univ Sci & Technol, Wuhan Natl Lab Optoelect, Wuhan 430074, Hubei, Peoples R China
30	1	Huazhong Univ Sci & Technol, Sch Chem & Chem Engn, Wuhan 430074, Hubei, Peoples R China
30	2	Huazhong Univ Sci & Technol, Sch Energy & Power Engn, Wuhan 430074, Hubei, Peoples R China
30	3	City Univ Hong Kong, Dept Mat Sci & Engn, Dept Phys, Kowloon, Tat Chee Ave, Hong Kong, Peoples R China
30	4	Wuhan Univ Sci & Technol, Inst Adv Mat & Nanotechnol, State Key Lab Refractories & Met, Wuhan 430081, Hubei, Peoples R China
31	0	Yibin Univ, Dept Mat & Chem Engn, Yibin 644007, Peoples R China
32	0	Vanderbilt Univ, Med Ctr, 1161-21st Ave South, A-2200 Med Ctr North, Nashville, USA
32	1	Niigata Univ, Grad Sch Med & Dent Sci, Niigata, Japan
32	2	Univ Southampton, Southampton, Hants, UK
32	3	Lackland AFB, Wilford Hall Ambulatory Surg Ctr, San Antonio, USA
32	4	Loyola Univ Med Ctr, Chicago, USA
32	5	Univ British Columbia, Vancouver, BC, Canada
32	6	BC Childrens Hosp, Vancouver, BC, Canada
32	7	Harvard Med Sch, Massachusetts Eye & Ear, Boston, USA
32	8	NIAMSD, NIH, Bethesda, USA
32	9	Univ Tennessee Hlth Sci, Memphis, USA
32	10	Technion Israel Inst Technol, Emek Med Ctr, Afula, Israel
32	11	Univ Toronto, Sunnybrook Hlth Sci Ctr, Toronto, ON, Canada
32	12	Univ Alabama Birmingham, Birmingham, USA
32	13	Childrens Mercy Hosp, Kansas City, USA
32	14	Wake Forest Baptist Med Ctr, Winston Salem, USA
32	15	Wake Forest Univ, Sch Med, Winston Salem, USA
32	16	Natl Yang Ming Univ, Taipei, Taiwan
32	17	Mem Sloan Kettering Canc Ctr, 1275 York Ave, New York, USA
32	18	Univ Cape Town, Cape Town, South Africa
32	19	Groote Schuur Hosp, Cape Town, South Africa
32	20	Murdoch Univ, Inst Immunol & Infect Dis, Murdoch, WA, Australia
32	21	NHGRI, NIH, Bethesda, USA
32	22	Uniformed Serv Univ Hlth Sci, F Edward Hebert Sch Med, Bethesda, USA
32	23	Univ Penn, Philadelphia, USA
32	24	Massachusetts Gen Hosp, Boston, USA
32	25	Univ Freiburg, Med Ctr, Freiburg, Germany
32	26	Univ Freiburg, Med Fac, Freiburg, Germany
32	27	Univ Florida, Gainesville, USA
32	28	Univ Liverpool, Liverpool, Merseyside, UK
32	29	Univ Toronto, Toronto, ON, Canada
32	30	Hosp Sick Children, Toronto, ON, Canada
32	31	Univ Calif San Francisco, San Francisco, USA
32	32	Univ Paris Est Creteil, Creteil, France
32	33	Showa Univ, Sch Med, Tokyo, Japan
32	34	Mahidol Univ, Ramathibodi Hosp, Bangkok, Thailand
32	35	Duke NUS Med Sch, Singapore, Singapore
32	36	Hlth Sci Author, Singapore, Singapore
32	37	Austin Hlth, Heidelberg, Vic, Australia
32	38	Univ Melbourne, Melbourne, Vic, Australia
32	39	US FDA, Silver Spring, USA
32	40	NIAID, NIH, 9000 Rockville Pike, Bethesda, USA
32	41	Univ Ottawa, Ottawa, ON, Canada
32	42	Chang Gung Mem Hosp, Taipei, Taiwan
33	0	Wuhan Univ Sci & Technol, Inst Adv Mat & Nanotechnol, State Key Lab Refractories & Met, Wuhan 430081, Peoples R China
33	1	Xiamen Univ, Coll Mat, State Key Lab Phys Chem Solid Surfaces, Xiamen 361005, Peoples R China
33	2	Huazhong Univ Sci & Technol, Sch Opt & Elect Informat, Wuhan Natl Lab Optoelect WNLO, Wuhan 430074, Peoples R China
33	3	Univ Calif San Diego, Ctr Memory & Recording Res Bldg, San Diego, USA
33	4	City Univ Hong Kong, Dept Phys, Dept Mat Sci & Engn, Kowloon, Tat Chee Ave, Hong Kong 518057, Peoples R China
33	5	City Univ Hong Kong, Dept Biomed Engn, Kowloon, Tat Chee Ave, Hong Kong 518057, Peoples R China
34	0	Univ Palermo, Dipartimento Progetto & Costruz Edilizia, I-90100 Palermo, Italy
34	1	CTG Italcementi Grp, I-24121 Bergamo, Italy
35	0	Yangzhou Univ, Coll Phys Sci & Technol, Yangzhou 225002, Peoples R China
35	1	Yangzhou Univ, Interdisciplinary Res Ctr, Yangzhou 225002, Peoples R China
35	2	Jiangsu Univ Sci & Technol, Sch Sci, Zhenjiang 212100, Peoples R China
36	0	Univ Manchester, Manchester Architecture Res Ctr, Manchester, Lancs, UK
36	1	Univ Lancaster, Fac Arts & Social Sci, Lancaster, UK
36	2	Newcastle Univ, Sch Architecture Planning & Landscape, Newcastle Upon Tyne, Tyne & Wear, UK
36	3	Newcastle Univ, Sch Arts & Cultures, Fine Art, Newcastle Upon Tyne, Tyne & Wear, UK
37	0	Nanjing Univ Aeronaut & Astronaut, Super Insuat Composites Lab, Nanjing 210016, Jiangsu, Peoples R China
38	0	Guiyang Univ, Coll Chem & Mat Engn, Guiyang 550005, Peoples R China
38	1	Guizhou Educ Univ, Sch Chem & Mat Sci, Guiyang 550018, Peoples R China
38	2	Natl Res Council Italy, Inst Polymers Composites & Biomat, Ple E Fermi 1, I-80055 Portici, Italy
38	3	Sichuan Univ, State Key Lab Polymer Mat Engn, Polymer Res Inst, Chengdu 610065, Peoples R China
39	0	Imperial Coll London, Ctr Adv Struct Ceram, Dept Mat, London SW7 2AZ, UK
39	1	Univ Glasgow, Sch Chem, Glasgow G12 8QQ, UK
39	2	Imperial Coll London, Dept Mech Engn, City & Guilds Bldg, London SW7 2AZ, UK
39	3	Xiamen Univ, State Key Lab Phys Chem Solid Surfaces, Coll Chem & Chem Engn, Xiamen 361005, Peoples R China
40	0	Induk Univ, Fac Civil Engn, 12 Choansan ro, Seoul 01878, South Korea
40	1	Suwon Sci Coll, Fac Civil Engn, 288 Seja Ro, Seja ro 18516, Gyeonggi Do, South Korea
40	2	Nguyen Tat Thanh Univ, Fac Civil Engn, 300A Nguyen Tat Thanh St, Dist 4, Ho Chi Minh City, Vietnam
41	0	City Univ Hong Kong, Sch Energy & Environm, Abil R&D Energy Res Ctr, Tat Chee Ave, Kowloon, Hong Kong, Peoples R China
41	1	City Univ Hong Kong, Shenzhen Res Inst, Shenzhen, Guangdong, Peoples R China
41	2	City Univ Hong Kong, Sch Energy & Environm, Hong Kong, Hong Kong, Peoples R China
42	0	Hong Kong Baptist Univ, Fac Sci, Dept Biol, Hong Kong, Peoples R China
42	1	Sun Yat Sen Univ, Affiliated Hosp 7, Sch Med, Dept Nephrol, Shenzhen, Guangdong, Peoples R China
42	2	City Univ Hong Kong, Shenzhen Res Inst, Dept Biomed Sci, Hong Kong, Peoples R China
42	3	Hubei Univ Arts & Sci, Xiangyang Cent Hosp, Affiliated Hosp, Div Lab Med, Lab Clin Immunol, Xiangyang, Hubei, Peoples R China
42	4	Hubei Univ Arts & Sci, Xiangyang Cent Hosp, Affiliated Hosp, Dept Resp & Crit Care Med, Xiangyang, Hubei, Peoples R China
42	5	US Dept Vet Affairs New York Harbor Healthcare Sys, Div Res & Dev, Brooklyn, USA
42	6	SUNY Downstate Hlth Sci Univ, Dept Cell Biol, Brooklyn, USA
42	7	Hong Kong Baptist Univ, Fac Sci, Dept Biol, Rm 833, Run Run Shaw Bldg, Ho Sin hang Campus, 224, Hong Kong, Peoples R China
42	8	US Dept Vet Affairs New York Harbor Healthcare Sys, Div Res & Dev, Main Bldg Room 3-201, 800 Poly Pl, Brooklyn, USA
43	0	Tongji Univ, Minist Educ, Key Lab Rd & Traff Engn, 4800 Caoan Rd, Shanghai 201804, Peoples R China
43	1	Lawrence Livermore Natl Lab, Livermore, USA
44	0	Univ Sherbrooke, Dept Civil & Bldg Engn, LIRIDE, Sherbrooke, PQ, Canada
44	1	Univ Laval, Dept Wood & Forest Sci, CIRCERB, Quebec City, PQ, Canada
45	0	Margaree Consultants Inc, Toronto, ON, Canada
45	1	European Commiss, Joint Res Ctr, Directorate Energy Transport & Climate, Ispra, Italy
45	2	Frankfurt Sch Finance & Management, Frankfurt, Germany
45	3	Columbia Univ, SIPA Ctr Global Energy Policy CGEP, New York, USA
45	4	Inst Dev Durable & Relat Int, Paris, France
45	5	Tech Univ Berlin, Berlin, Germany
45	6	Mercator Res Inst Global Commons & Climate Change, Berlin, Germany
45	7	Energy & Resources Inst TERI, New Delhi, India
45	8	Lawrence Berkeley Natl Lab, Berkeley, USA
45	9	Korea Environm Inst, Sejong City, South Korea
45	10	Lund Univ, Lund, Sweden
45	11	Asian Inst Technol AIT, SMARTS Ctr, Pathum Thani, Thailand
45	12	Jadavpur Univ, Global Change Programme, Kolkata, India
46	0	Univ Laval, Fac Med, Dept Social & Prevent Med, 1050 Av Med, Quebec City, PQ G1V 0A6, Canada
46	1	Univ Laval, Hop St Sacrement, Ctr Rech CHU Quebec, 1050 Chemin Ste Foy, Quebec City, PQ G1S 4L8, Canada
46	2	Univ Laval, Ctr Rech Sante Durable, Vitam, Quebec City, PQ, Canada
46	3	Univ Toronto, Inst Hlth Policy Management & Evaluat, Hlth Sci Bldg, 155 Coll St, Suite 425, Toronto, ON M5T 3M6, Canada
46	4	Ontario Hosp Assoc, Toronto, ON, Canada
47	0	Univ Punjab, Coll Earth & Environm Sci, Lahore, Pakistan
47	1	Imperial Coll London, Sch Publ Hlth, 10th Floor, Michael Uren Bldg, White City Campus, London W12 0BZ, UK
48	0	City Univ Hong Kong, Dept Mech Engn, Kowloon, 83 Tat Chee Ave, Hong Kong 999077, Peoples R China
48	1	Univ Hong Kong, Dept Chem, Pokfulam Rd, Hong Kong, Peoples R China
48	2	Chinese Natl Engn Res Ctr CNERC, Hong Kong Branch, Natl Precious Met Mat NPMM, Kowloon, Hong Kong 999077, Peoples R China
48	3	Donghua Univ, Mat Coll, 2999 Renmin North Rd, Shanghai, Peoples R China
48	4	Tech Univ Denmark DTU, Dept Energy Convers & Storage, Bldg 310, DK-2800 Lyngby, Denmark
48	5	Saveetha Inst Med & Tech Sci SIMATS, Saveetha Sch Engn, Dept Phys, Chennai 602105, India
48	6	Yeungnam Univ, Sch Mat Sci & Engn, Gyongsan 38541, South Korea
49	0	Mem Sloan Kettering Canc Ctr, Dept Med, New York, USA
49	1	Weill Cornell Med Coll, New York, USA
49	2	Mem Sloan Kettering Canc Ctr, Dept Pathol, New York, USA
49	3	Mem Sloan Kettering Canc Ctr, Human Oncol & Pathogenesis Program, New York, USA
49	4	Mem Sloan Kettering Canc Ctr, Mol Pharmacol Program, New York, USA
49	5	Guangdong Prov Peoples Hosp, Guangdong Lung Canc Inst, Guangzhou, Peoples R China
49	6	Guangdong Acad Med Sci, Guangzhou, Peoples R China
49	7	Mem Sloan Kettering Canc Ctr, Antitumor Assessment Core Facil, New York, USA
49	8	Kings Coll London, Richard Dimbleby Dept Canc Res, London, UK
49	9	Puma Biotechnol, Los Angeles, USA
49	10	Dana Farber Canc Inst, Dept Med Oncol, Boston, USA
49	11	Mem Sloan Kettering Canc Ctr, Ctr Mol Oncol, New York, USA
49	12	UCL, UCL Canc Inst, Paul OGorman Bldg, London, UK
49	13	Mem Sloan Kettering Canc Ctr, Dept Surg, New York, USA
49	14	mProbe Inc, Rockville, USA
49	15	AstraZeneca, Gaithersburg, USA
49	16	Mem Sloan Kettering Canc Ctr, Dept Radiol, New York, USA
49	17	Mem Sloan Kettering Canc Ctr, Radiochem & Mol Imaging Probe Core, New York, USA
49	18	Mem Sloan Kettering Canc Ctr, Dept Epidemiol & Biostat, New York, USA
49	19	Showa Univ, Adv Canc Translat Res Inst, Dept Med Oncol, Tokyo, Japan
49	20	Mem Sloan Kettering Canc Ctr, Ctr Mol Based Therapy, New York, USA
50	0	Sandia Natl Labs, Livermore, USA
50	1	Boeing Commercial Airplanes, Syst Concept Ctr, Everett, USA
50	2	Golden State Energy, Carson City, USA
50	3	Multiquip Inc, Carson, USA
50	4	Altergy Syst, Folsom, USA
50	5	Caltrans Div Res, Innovat & Syst Informat Technol Applicat Off, Irvine, USA
50	6	Univ Calif Davis, Dept Mech & Aerosp Engn, Davis, USA
50	7	Saunders Elect Inc, Arleta, USA
50	8	Stray Light Opt Technol Inc, Scottsburg, USA
50	9	San Francisco Int Airport, City & Cty San Francisco, San Francisco, USA
50	10	Calif Fuel Cell Partnership, West Sacramento, USA
50	11	Lumenworks, Oakland, USA
50	12	Luxirn Corp, Santa Clara, USA
50	13	Ovon Hydrogen Syst, Rochester Hills, USA
50	14	NASA, TEERM Principal Ctr, Kennedy Space Ctr, USA
50	15	SRA Int, Latham, USA
50	16	Connecticut Dept Transportat, Newington, USA
50	17	IGX Grp Inc, San Francisco, USA
51	0	George Mason Univ, Dept Philosophy, 4400 Univ Dr, Fairfax, USA
52	0	Univ London Imperial Coll Sci Technol & Med, Dept Med, London W12 0NN, UK
52	1	Khon Kaen Hosp, Minist Publ Hlth, Dept Paediat, Khon Kaen, Thailand
52	2	Songkhla Hosp, Minist Publ Hlth, Dept Paediat, Songkhla, Thailand
52	3	Univ Oxford, Clin Res Unit, Wellcome Trust Major Overseas Program, Hosp Trop Dis, Ho Chi Minh City, Vietnam
52	4	Univ Oxford, Wellcome Trust Ctr Human Genet, Div Struct Biol, Oxford, UK
52	5	Univ Oxford, Wellcome Trust Ctr Human Genet, Oxford Prot Prod Facil, Oxford, UK
52	6	Mahidol Univ, Ctr Vaccine Dev, Inst Mol Biosci, Salaya, Nakhon Pathom, Thailand
52	7	Mahidol Univ, Siriraj Hosp, Fac Med, Med Mol Biol Unit, Bangkok 10700, Thailand
52	8	Natl Sci & Technol Dev Agcy, Natl Ctr Genet Engn & Biotechnol, Med Biotechnol Unit, Pathum Thani, Thailand
53	0	UNSW Australia, Kirby Inst, Sydney, NSW, Australia
53	1	Childrens Hosp 1, Ho Chi Minh City, Vietnam
53	2	Chulalongkorn Univ, Ctr Excellence Pediat Infect Dis & Vaccines, Bangkok, Thailand
53	3	Mahidol Univ, Siriraj Hosp, Fac Med, Dept Pediat, Bangkok, Thailand
53	4	Chiangrai Prachanukroh Hosp, Chiang Rai, Thailand
53	5	Natl Ctr HIV AIDS Dermatol & STDs, Phnom Penh, Cambodia
53	6	Khon Kaen Univ, Dept Pediat, Fac Med, Khon Kaen, Thailand
53	7	Chiang Mai Univ, Fac Med, Dept Pediat, Chiang Mai, Thailand
53	8	Chiang Mai Univ, Res Inst Hlth Sci, Chiang Mai, Thailand
53	9	Natl Hosp Pediat, Hanoi, Vietnam
53	10	Childrens Hosp 2, Ho Chi Minh City, Vietnam
53	11	CART CRS, YRGCARE Med Ctr, Madras, Tamil Nadu, India
53	12	Hosp Raja Perempuan Zainab II, Kelantan, Malaysia
53	13	Univ Indonesia, Cipto Mangunkusumo Fac Med, Jakarta, Indonesia
53	14	Hosp Likas, Kota Kinabalu, Malaysia
53	15	Udayana Univ, Sanglah Hosp, Bali, Indonesia
53	16	Penang Hosp, George Town, Malaysia
53	17	TREAT Asia AmfAR Fdn AIDS Res, Bangkok, Thailand
53	18	Hosp Kuala Lumpur, Inst Pediat, Kuala Lumpur, Malaysia
54	0	AI Alikhanyan Natl Sci Lab YerPhi, Yerevan, Armenia
54	1	AIBU, Bolu, Turkey
54	2	ALAT, Sassenage, France
54	3	Aix Marseille Univ, Marseille, France
54	4	Akdeniz Univ UAKDENIZ, Antalya, Turkey
54	5	Lab Luz Sincrotron Cerdanyola Valles CELLS ALBA, Consorcio Construcci Equipamiento & Explotac, ALBA Synchrotron, Cerdanyola Del Valles, Spain
54	6	Albert Ludwigs Univ Freiburg UFreiburg, Freiburg, Germany
54	7	All Russian Sci Res & Dev Cable Inst VNIIKP, Moscow, Russia
54	8	Ankara Univ, Ankara, Turkey
54	9	ASC, Tallahassee, USA
54	10	Argonne Natl Lab, 9700 S Cass Ave, Argonne, USA
54	11	Austrian Inst Technol, Vienna, Austria
54	12	Banaras Hindu Univ, Varanasi, Uttar Pradesh, India
54	13	Baylor Univ, Waco, USA
54	14	BUAP, Puebla, Mexico
54	15	Bochvar Inst Inorgan Mat VNIINM, Moscow, Russia
54	16	BLTP JINR, Dubna, Russia
54	17	Boston Univ, Boston, USA
54	18	Bogazici Univ BOUN, Istanbul, Turkey
54	19	Brookhaven Natl Lab, Upton, USA
54	20	Brown Univ, Providence, USA
54	21	BRUKER EST Bruker, Hanau, Germany
54	22	Budker Inst Nucl Phys, Novosibirsk, Russia
54	23	CHEP, Daegu, South Korea
54	24	CPPM, Marseille, France
54	25	Ctr Etudes Tunnels CETU, Bron, France
54	26	CEREMA, Lyon, France
54	27	Ctr Ind Studies CSIL, Milan, Italy
54	28	CNRS, Aubiere, France
54	29	CNRS, IN2P3, Clermont Ferrand, France
54	30	CNRS, Marseille, France
54	31	CNRS, Paris, France
54	32	CBPF, Rio De Janeiro, Brazil
54	33	CIEMAT, Madrid, Spain
54	34	Ctr Invest & Estudios Avanzados CINVESTAV, Merdia, Mexico
54	35	CI Daresbury, Daresbury, UK
54	36	CI Lancaster, Lancaster, UK
54	37	Comenius Univ, Bratislava, Slovakia
54	38	CEA, Irfu Saclay, DSM, Commissariat Energie Atom & Energies AlteAlternat, Gif Sur Yvette, France
54	39	CEA, Inst Nanosci Cryogenie, Commissariat Energie Atom & Energies Alternat, Grenoble, France
54	40	CNR, Milan, Italy
54	41	CNR, Superconducting & Innovat Mat & Devices Inst, SPIN, Genoa, Italy
54	42	CNR, Superconducting & Innovat Mat & Devices Inst, SPIN, Naples, Italy
54	43	Cornell Univ, Ithaca, USA
54	44	Univ Valencia, Dept Fis Teor, Valencia, Spain
54	45	Univ Granada UGR, Dept Fis Teor Cosmos, Granada, Spain
54	46	Univ Granada UGR, CAFPE, Granada, Spain
54	47	Dept Energy DoE, Washington, USA
54	48	Univ Tehran, Dept Phys, Tehran, Iran
54	49	Deutsch Elektronen Synchrotron DESY, Hamburg, Germany
54	50	Deutsch Elektronen Synchrotron DESY ZEU, Zeuthen, Germany
54	51	Dimtel Inc, San Jose, Costa Rica
54	52	Univ Cassino & Lazio Meridionale DICEM, Dipartimento Ingn Civile & Meccan, Cassino, Italy
54	53	Duke Univ, Durham, USA
54	54	Univ Durham, IPPP, Durham, UK
54	55	DLNP JINR, Dubna, Russia
54	56	Ecole Polytech Fed Lausanne, Lausanne, Switzerland
54	57	Ecotec Environm SA Ecotec, Geneva, Switzerland
54	58	Ege Univ, Izmir, Turkey
54	59	ETHZ, Zurich, Switzerland
54	60	Eindhoven Univ Technol TUE, Eindhoven, Netherlands
54	61	Elle Marmi SARL EM, Carrara, Italy
54	62	Eskisehir Tech Univ ESTU, Istanbul, Turkey
54	63	Esslingen Univ Appl Sci HS Esslingen, Goppingen, Germany
54	64	European Org Nucl Res CERN, Geneva, Switzerland
54	65	ESI, Archamps, France
54	66	ESS, Lund, Sweden
54	67	FH SWF, Gelsenkirchen, Germany
54	68	Charles Univ Prague, Fac Math & Phys, Prague, Czech Republic
54	69	Fayoum Univ, Al Fayyum, Egypt
54	70	Fermilab Natl Accelerator Lab, POB 500, Batavia, USA
54	71	FIML, Dortmund, Germany
54	72	Fuel Co Rosatom TVEL, Moscow, Russia
54	73	Fujikura Ltd, Sakura, Chiba, Japan
54	74	GWNU, Kangnung, South Korea
54	75	Giresun Univ, Giresun, Turkey
54	76	GSTU, Gomel, Belarus
54	77	GSI Helmholtz Zentrum Schwerionenforsch GSI, Darmstadt, Germany
54	78	Gumushane Univ, Gumushane, Turkey
54	79	Harvard Univ, Cambridge, USA
54	80	Helmholtz Zentrum Berlin, Berlin, Germany
54	81	High Energy Accelerator Res Org KEK, Tsukuba, Ibaraki, Japan
54	82	Isik Univ Isikun, Istanbul, Turkey
54	83	I Cube Res, Toulouse, France
54	84	Univ Hamburg UNITH, Inst Theoret Phys 2, Hamburg, Germany
54	85	ILF Consulting Engineers, Zurich, Switzerland
54	86	IITG, Gauhati, India
54	87	IITK, Kanpur, Uttar Pradesh, India
54	88	CSIC, Inst Ciencia Mat Barcelona ICMAB, Barcelona, Spain
54	89	IPNO, IN2P3, CNRS, Orsay, France
54	90	Inst Adv Study, Princeton, USA
54	91	Goethe Univ, Inst Appl Phys, Frankfurt, Germany
54	92	Univ Innsbruck UIBK, Inst Astro & Particle Phys, Innsbruck, Austria
54	93	Inst High Energy Phys NRC Kurchatov Inst IHEP, Protvino, Russia
54	94	Radboud Univ IMAPP, Inst Math Astrophys & Particle Phys, Nijmegen, Netherlands
54	95	Belarusian State Univ, Inst Nucl Problems, Minsk, Belarus
54	96	IEEE, Piscataway, USA
54	97	Chinese Acad Sci, Inst High Energy Phys, Beijing, Peoples R China
54	98	Univ Stuttgart IMA, Inst Machine Components, Stuttgart, Germany
54	99	Polish Acad Sci, Inst Nucl Phys, IFJ, Krakow, Poland
54	100	Acad Sinica, Inst Phys, Taipei, Taiwan
54	101	IJS, Ljubljana, Slovenia
54	102	IAC, San Cristobal la Laguna, Spain
54	103	UV, CSIC, Inst Fis Corpuscular, Paterna, Spain
54	104	UV, CSIC, Inst Fis Corpuscular, Valencia, Spain
54	105	Univ Autonoma Madrid, IFT, Madrid, Spain
54	106	Univ Valencia, Inst Fis, CSIC, Valencia, Spain
54	107	Inst Invest Fisicas Mar Plata IFIMAR, Mar Del Plata, Argentina
54	108	Univ Santiago de Compostela, IGFAE, Santiago De Compostela, Spain
54	109	Univ Nacl San Martin, ICAS, San Martin, Argentina
54	110	Iowa State Univ, Ames, USA
54	111	Istanbul Aydin Univ, Istanbul, Turkey
54	112	Istanbul Univ, Istanbul, Turkey
54	113	INFN, Grp Collegato Salerno, Sez Napoli, SA, Salerno, Italy
54	114	INFN, LNGS, Laquila, Italy
54	115	INFN, LNF, Frascati, Italy
54	116	INFN, LNLN, Legnaro, Italy
54	117	INFN, BA, Sez Bari, Bari, Italy
54	118	INFN, Sez Bologna, BO, Bologna, Italy
54	119	INFN, CA, Sez Cagliari, Cagliari, Italy
54	120	INFN, Sez Catania, CT, Catania, Italy
54	121	INFN, Sez Cosenza, CS, Cosenza, Italy
54	122	INFN, Sez Ferrara, FE, Ferrara, Italy
54	123	INFN, Sez Firenze, FI, Florence, Italy
54	124	INFN, Sez Genova, GE, Genoa, Italy
54	125	INFN, Sez Lecce, LE, Lecce, Italy
54	126	INFN, Sez Milano Bicocca, MIB, Milan, Italy
54	127	INFN, Sez Milano, MI, Milan, Italy
54	128	INFN, Sez Napoli, NA, Naples, Italy
54	129	INFN, Sez Padova, PD, Padua, Italy
54	130	INFN, Sez Pavia, PV, Pavia, Italy
54	131	INFN, Sez Perugia, PG, Perugia, Italy
54	132	Univ Pisa, INFN, Sez Pisa, PI, Pisa, Italy
54	133	INFN Roma 1, Sez Roma 1, Ist Nazl Fis Nucl, Rome, Italy
54	134	INFN Roma 2, Sez Roma Tor Vergata, Ist Nazl Fis Nucl, Rome, Italy
54	135	INFN Roma 3, Sez Roma Tre, Ist Nazl Fis Nucl, Rome, Italy
54	136	INFN, Sez Torino, TO, Turin, Italy
54	137	INFN, Sez Trieste, TS, Trieste, Italy
54	138	ITER, Cadarache, France
54	139	Ivane Javakhishvili Tbilisi State Univ TSU, Tbilisi, Georgia
54	140	IUE, Izmir, Turkey
54	141	JGU, Mainz, Germany
54	142	John Adams Inst Accelerator Sci, Oxford, UK
54	143	Univ Oxford JAI, Oxford, UK
54	144	JINR, Dubna, Russia
54	145	Julius Maximilians Univ Wurzburg UWUERZBURG, Wurzburg, Germany
54	146	Kahramanmaras Sutcu Imam Univ KSU, Kahramanmaras, Turkey
54	147	Karlsruher Inst Technol, Karlsruhe, Germany
54	148	Katholieke Univ Leuven Res & Dev LRD, Louvain, Belgium
54	149	Chinese Acad Sci, Key Lab Theoret Phys, SKLTP, ITP, Beijing, Peoples R China
54	150	Kings Coll London, London, UK
54	151	Kyoto Univ Kyodai, Kyoto, Japan
54	152	Kyungpook Natl Univ, Sankyuk Dong, South Korea
54	153	IN2P3, CNRS, LAPP, Annecy, France
54	154	Univ Paris Sud, CNRS, IN2P3, UPSUD, Orsay, France
54	155	LPNHE, Paris, France
54	156	LPSC, Grenoble, France
54	157	CNRS, Sorbonne, LPTHE, Paris, France
54	158	Ecole Polytech, LLR, Palaiseau, France
54	159	Lab Instrumentacao & Fis Expt Particulas LIP, Lisbon, Portugal
54	160	Latitude Durable, Geneva, Switzerland
54	161	Lawrence Berkeley Natl Lab, Berkeley, USA
54	162	Linde Kryotech AG, Pfungen, Switzerland
54	163	Loughborough Univ LBoro, Loughborough, Leics, UK
54	164	Ludwig Maximilians Univ Munich LMU, Munich, Germany
54	165	Luvata Pori Oy, Pori, Finland
54	166	MAN Energy Solut Schweiz AG MAN ES, Zurich, Switzerland
54	167	Jagiellonian Univ UJ, Marian Smoluchowski Inst Phys, Krakow, Poland
54	168	MIT, 77 Massachusetts Ave, Cambridge, USA
54	169	MPIK, Heidelberg, Germany
54	170	Max Planck Inst Phys MPP, Munich, Germany
54	171	MEAE, Paris, France
54	172	Monash Univ, Melbourne, Vic, Australia
54	173	MTA Wigner Res Ctr Phys Wigner, Budapest, Hungary
54	174	MKU, Antakya, Turkey
54	175	Nankai Univ, Tianjin, Peoples R China
54	176	Nationaal Inst Subatomaire Fys NIKHEF, Amsterdam, Netherlands
54	177	NCSRD, Athens, Greece
54	178	Florida State Univ, Natl High Magnet Field Lab, MagLab, Tallahassee, USA
54	179	NICPB, Tallinn, Estonia
54	180	NRCKI, Moscow, Russia
54	181	Natl Res Nucl Univ MEPhI, Moscow, Russia
54	182	KIPT, Natl Sci Ctr, Kharkov, Ukraine
54	183	NTUA, Athens, Greece
54	184	Nat Hist Museum Wien NHM, Vienna, Austria
54	185	Univ Copenhagen, NBI, Copenhagen, Denmark
54	186	Nigde Omer Halisdemir Univ OHU, Nigde, Turkey
54	187	NIU, De Kalb, USA
54	188	Northwestern Univ, Evanston, USA
54	189	Novosibirsk State Univ, Novosibirsk, Russia
54	190	Otto von Guericke Univ Magdeburg OVGU, Magdeburg, Germany
54	191	Oxford Univ UOXF, Oxford, UK
54	192	PSI, Villigen, Switzerland
54	193	Peking Univ, Beijing, Peoples R China
54	194	Perimeter Inst Theoret Phys PI, Watterloo, AB, Canada
54	195	NRC Kurchatov Inst PNPI, PNPI, Gatchina, Russia
54	196	Piri Reis Univ, Istanbul, Turkey
54	197	Univ Pittsburgh, PITT, PACC, Pittsburgh Particle Phys Astrophys & Cosmol Ctr, Pittsburgh, USA
54	198	Univ Pittsburgh, Dept Phys & Astron, PACC, PITT, Pittsburgh, USA
54	199	Princeton Univ, Princeton, USA
54	200	Johannes Gutenberg Univ PRISMA, PRISMA Cluster Excellence, Inst Phys, Mainz, Germany
54	201	Pusan Natl Univ, Busan, South Korea
54	202	Queens Univ, Kingston, ON, Canada
54	203	RAMENTOR Oy, Tampere, Finland
54	204	Rheinisch Westfalische Tech Hsch Aachen, Aachen, Germany
54	205	Riga Tech Univ, Riga, Latvia
54	206	Royal Holloway Univ RHUL, London, UK
54	207	Rudjer Boskovic Inst, Zagreb, Croatia
54	208	Ruprecht Karls Univ Heidelberg RKU, Heidelberg, Germany
54	209	Rutgers State Univ New Jersey RU, Piscataway, USA
54	210	Sapienza Univ Roma UNIROMA1, Rome, Italy
54	211	Inst Res Fundamental Sci IPM, Sch Particles & Accelerators, Tehran, Iran
54	212	Univ Glasgow SUPA, Sch Phys & Astron, Glasgow, Lanark, UK
54	213	STFC, DL, Warrington, Cheshire, UK
54	214	STFC, Appleton Lab, RAL, Didcot, Oxon, UK
54	215	scMetrol SARL, Geneva, Switzerland
54	216	Scuola Int Super Studi Avanzati Trieste SISSA, Trieste, Italy
54	217	SNS, Pisa, Italy
54	218	SNU, Seoul, South Korea
54	219	Sevaplan & Wurm Schweiz AG WURM, Winterthur, Switzerland
54	220	Shahid Beheshti Univ SBUT, Tehran, Iran
54	221	Shanghai Jiao Tong Univ, Shanghai, Peoples R China
54	222	Shirokuma GmbH Shirokuma, Wetzikon, Switzerland
54	223	Lomonosov Moscow State Univ, SINP, MSU, Moscow, Russia
54	224	SFU, Rostov Na Donu, Russia
54	225	SMU, Dallas, USA
54	226	Univ Delhi, SGTB Khalsa Coll, New Delhi, India
54	227	Stanford Natl Accelerator Ctr SLAC, Menlo Pk, USA
54	228	Stanford Univ, Stanford, USA
54	229	SUNY Stony Brook, Stony Brook, USA
54	230	Tech Univ Darmstadt, Darmstadt, Germany
54	231	TU Dortmund, Dortmund, Germany
54	232	Tech Univ Dresden, Dresden, Germany
54	233	Graz Univ Technol, Graz, Austria
54	234	TU Wien, Vienna, Austria
54	235	Tel Aviv Univ, Tel Aviv, Israel
54	236	Mil Coll South Carolina Citadel, Charleston, USA
54	237	Penn State Univ, University Pk, USA
54	238	Univ Tokyo Todai, Tokyo, Japan
54	239	Thomas Jefferson Natl Accelerator Facil JLab, Newport News, USA
54	240	TOBB ETU, Ankara, Turkey
54	241	Tokyo Inst Technol Tokyo Tech, Tokyo, Japan
54	242	TCD, Dublin, Ireland
54	243	Triuniv Meson Facil TRIUMF, Vancouver, BC, Canada
54	244	Tsinghua Univ THU, Beijing, Peoples R China
54	245	Tsung Dao Lee Inst, Shanghai, Peoples R China
54	246	Uludag Univ ULUU, Bursa, Turkey
54	247	UAS, Culiacan, Mexico
54	248	Univ Guanajuato UGTO, Guanajuato, Mexico
54	249	Univ La Laguna, San Cristobal la Laguna, Spain
54	250	Univ Republ Udelar, Montevideo, Uruguay
54	251	Univ Los Andes Uniandes, Bogota, Colombia
54	252	Univ Sao Paulo, Sao Paulo, Brazil
54	253	Univ Estado Rio De Janeiro, Rio De Janeiro, Brazil
54	254	Univ Fed Pelotas UFPel, Pelotas, Brazil
54	255	Univ Fed Rio de Janeiro, Rio de Janeiro, Brazil
54	256	Univ Roma Tre, Ctr Ric Econ & Sociali Manlio Rossi Doria EDIRC, Rome, Italy
54	257	Univ Calabria UNICAL, Arcavacata Di Rende, Italy
54	258	Univ Salento UNISALENTO, Lecce, Italy
54	259	Univ Bari UNIBA, Bari, Italy
54	260	Univ Bologna UNIBO, Bologna, Italy
54	261	Univ Cagliari UNICA, Cagliari, Italy
54	262	Univ Catania UNICT, Catania, Italy
54	263	Univ Ferrara UNIFE, Ferrara, Italy
54	264	Univ Firenze UNIFI, Florence, Italy
54	265	Univ Genova UNIGE, Genoa, Italy
54	266	Univ Insubria UNINSUBRIA, Milan, Italy
54	267	Univ Lecce UNILE, Lecce, Italy
54	268	Univ Milano UNIMI, Milan, Italy
54	269	Univ Padova UNIPD, Padua, Italy
54	270	Univ Parma UNIPR, Parma, Italy
54	271	Univ Pavia UNIPV, Pavia, Italy
54	272	Univ Perugia UNIPG, Perugia, Italy
54	273	Univ Roma Sapienza UNIROMA1, Rome, Italy
54	274	Univ Roma Tor Vergata UNIROMA2, Rome, Italy
54	275	Univ Roma Tre UNIROMA3, Rome, Italy
54	276	Univ Torino UNITO, Turin, Italy
54	277	Univ Udine UNIUD, Udine, Italy
54	278	Univ Hamburg UHH, Hamburg, Germany
54	279	Univ Heidelberg HEI, Heidelberg, Germany
54	280	Univ Politecn Catalunya UPC, Barcelona, Spain
54	281	Univ Siegen, Siegen, Germany
54	282	Univ Tubingen, Tubingen, Germany
54	283	UCA, Aubiere, France
54	284	Univ Grenoble Alpes, Grenoble, France
54	285	UCL, London, UK
54	286	UAS TW, Vienna, Austria
54	287	Univ Arizona, Tucson, USA
54	288	Univ Basel UNIBAS, Basel, Switzerland
54	289	Univ Belgrade, Belgrade, Serbia
54	290	Univ Bergen UiB, Bergen, Norway
54	291	Univ Bern UNIBE, Bern, Switzerland
54	292	Univ Birmingham UBIRM, Birmingham, W Midlands, UK
54	293	Univ Bristol UOB, Bristol, Avon, UK
54	294	Univ Calif Berkeley, Berkeley, USA
54	295	Univ Calif Davis, Davis, USA
54	296	Univ Calif Irvine, Irvine, USA
54	297	Univ Calif San Diego, San Diego, USA
54	298	Univ Calif Santa Barbara, Santa Barbara, USA
54	299	Univ Calif Santa Cruz, Santa Cruz, USA
54	300	Univ Cambridge, Cambridge, UK
54	301	Univ Chicago UCHI, Chicago, USA
54	302	Univ Cincinnati, Cincinnati, USA
54	303	Univ Edinburgh, Edinburgh, Midlothian, UK
54	304	Univ Florida, Gainesville, USA
54	305	Univ Geneva UniGE, Geneva, Switzerland
54	306	Univ Illinois, Urbana, USA
54	307	Univ Iowa, Iowa City, USA
54	308	Univ Jyvaskyla JYU, Jyvaskyla, Finland
54	309	Univ Kansas, Lawrence, USA
54	310	Univ Liverpool ULIV, Liverpool, Merseyside, UK
54	311	Univ Lund ULU, Lund, Sweden
54	312	Univ Malta, Msida, Malta
54	313	Univ Manchester UMAN, Manchester, Lancs, UK
54	314	Univ Maryland UMD, College Pk, USA
54	315	Univ Massachusetts, Amherst, USA
54	316	Univ Melbourne, Melbourne, Vic, Australia
54	317	Univ Michigan, Ann Arbor, USA
54	318	Univ New Mexico, Albuquerque, USA
54	319	Univ Notre Dame du Lac ND, South Bend, USA
54	320	Univ Oregon, Eugene, USA
54	321	Univ Rochester, Rochester, USA
54	322	Univ Rostock, Rostock, Germany
54	323	Univ Saskatchewan USASK, Saskatoon, SK, Canada
54	324	Univ Sci & Technol China, Hefei, Anhui, Peoples R China
54	325	Univ Sci & Technol Mazandaran, Behshahr, Iran
54	326	Univ Silesia USKAT, Katowice, Poland
54	327	Univ Stavanger UiS, Stavanger, Norway
54	328	Univ Stuttgart USTUTT, Stuttgart, Germany
54	329	Univ Sussex, Brighton, E Sussex, UK
54	330	Univ Witwatersrand WITS, Johannesburg, South Africa
54	331	Univ Toronto, Toronto, ON, Canada
54	332	Univ Warsaw, Warsaw, Poland
54	333	Univ Wisconsin Madison WISC, Madison, USA
54	334	Univ Wurzburg, Wurzburg, Germany
54	335	Univ Zurich UZH, Zurich, Switzerland
54	336	Univ Rey Juan Carlos, Madrid, Spain
54	337	Univ Lyon 1, IPNL, CNRS, IN2P3, Lyon, France
54	338	Uppsala Univ, Uppsala, Sweden
54	339	Usak Univ, Usak, Turkey
54	340	Vienna Univ Econ & Business WU, Vienna, Austria
54	341	Vinca Inst Nucl Sci, Belgrade, Serbia
54	342	Vrije Univ Brussel, Brussels, Belgium
54	343	Washington Univ WUSTL, St Louis, USA
54	344	Weizmann Inst Sci, Rehovot, Israel
54	345	Max Planck Inst Phys MPP, Werner Heisenberg Inst, Munich, Germany
54	346	Westfalische Wilhelms Univ Munster WWU, Munster, Germany
54	347	West Pomeranian Univ Technol ZUT, Szczecin, Poland
54	348	Wroclaw Univ Sci & Technol PWR, Wroclaw, Poland
54	349	Wuhan Univ Technol WHUT, Wuhan, Hubei, Peoples R China
54	350	Zhejiang Inst Modern Phys, Dept Phys, Hangzhou, Zhejiang, Peoples R China
54	351	Zhejiang Univ ZJU, Hangzhou, Zhejiang, Peoples R China
54	352	Univ Colorado Boulder, Boulder, USA
54	353	Pittsburgh Univ PITT, Pittsburgh, USA
55	0	German Ctr Integrat Biodivers Res iDiv, Puschstr 4, D-04103 Leipzig, Germany
55	1	Univ Leipzig, Inst Biol, Puschstr 4, D-04103 Leipzig, Germany
55	2	St Marys Univ, Dept Environm Sci, Halifax, NS, Canada
55	3	Colorado State Univ, Global Soil Biodivers Initiat, Ft Collins, USA
55	4	Colorado State Univ, Sch Global Environm Sustainabil, Ft Collins, USA
55	5	Colorado State Univ, Dept Biol, Ft Collins, USA
55	6	Univ Positivo, Rua Prof Pedro Viriato Parigot de Souza 5300, BR-81280330 Curitiba, Parana, Brazil
55	7	Univ Coimbra, Dept Life Sci, Ctr Funct Ecol, P-3000456 Coimbra, Portugal
55	8	Martin Luther Univ Halle Wittenberg, Inst Biol, Kirchtor 1, D-06108 Halle, Saale, Germany
55	9	Univ Canberra, Inst Appl Ecol, Fac Sci & Technol, Ctr Appl Water Sci, Canberra, ACT, Australia
55	10	Univ Vigo, Dept Ecol Biol Anim, Vigo 36310, Spain
55	11	Embrapa Forestry, Estrada Ribeira, Km 111, CP 231, BR-83411000 Colombo, PR, Brazil
55	12	Russian Acad Sci, AN Severtsov Inst Ecol & Evolut, Leninsky Pr 33, Moscow 119071, Russia
55	13	Moscow MV Lomonosov State Univ, Leninskie Gory 1, Moscow 119991, Russia
55	14	Friedrich Schiller Univ Jena, Inst Comp Sci, Ernst Abbe Pl 2, D-07743 Jena, Germany
55	15	European Commiss, Joint Res Ctr JRC, Ispra, Italy
55	16	Netherlands Inst Ecol NIOO KNAW, Dept Terr Ecol, NL-6700 AB Wageningen, Netherlands
55	17	Senckenberg Museum Nat Hist Gorlitz, Dept Soil Zool, D-02826 Gorlitz, Germany
55	18	Univ Freiburg, Biometry & Environm Syst Anal, Tennenbacher Str 4, D-79106 Freiburg, Germany
55	19	Friedrich Schiller Univ Jena, Inst Biodivers, Dornburger Str 159, D-07743 Jena, Germany
55	20	Univ Montpellier, CEFE, CNRS, EPHE, IRD, Univ Paul Valery Montpellier 3, Montpellier, France
55	21	Sorbonne Univ, Inst Ecol & Sci Environm, F-75005 Paris, France
55	22	CNRS, Theoret & Expt Ecol Stn, Ctr Biodivers Theory & Modelling, F-09200 Moulis, France
55	23	UPMC, Sorbonne Univ, Inst Ecol & Environm Sci Paris UMR 7618 IEES Pari, CNRS, INRA, IRD, UPEC, 4 Pl Jussieu, F-75000 Paris, France
55	24	INRA, Inst Ecol & Sci Environm Paris, IRD, F-75005 Paris, France
55	25	Univ Catania, Dept Biol Geol & Environm Sci, Via Androne 81, I-95124 Catania, Italy
55	26	Wageningen Univ, Lab Nematol, POB 8123, NL-6700 ES Wageningen, Netherlands
55	27	Free Univ Berlin, Inst Biol, D-14195 Berlin, Germany
55	28	Univ Amsterdam, Inst Biodivers & Ecosyst Dynam, Amsterdam, Netherlands
55	29	Nanyang Technol Univ, Asian Sch Environm, Singapore 639798, Singapore
55	30	Univ Gottingen, Ctr Biodivers & Sustainable Landuse, Busgenweg 1, Gottingen, Germany
55	31	Univ Gottingen, Silviculture & Forest Ecol Temperate Zones, Busgenweg 1, Gottingen, Germany
55	32	Univ Gottingen, Forest Sci & Forest Ecol, Busgenweg 1, Gottingen, Germany
55	33	Natl Agr & Food Res Org, Inst Agroenvironm Sci, 3-1-3 Kan Nondai, Tsukuba, Ibaraki, Japan
55	34	Univ Nairobi, Land Resource Management & Agr Technol, Kapenguria Rd, Naivasha Rd, POB 29053, Nairobi, Kenya
55	35	Rwanda Inst Conservat Agr, KG 541, Kigali, Rwanda
55	36	CSIRO, Hlth & Biosecur, POB 1700, Canberra, ACT, Australia
55	37	Santa Catarina State Univ, Dept Anim Sci, BR-89815630 Chapeco, SC, Brazil
55	38	Leibniz Ctr Agr Landscape Res, Expt Infrastruct Platform EIP, Eberswalder Str 84, Muncheberg, Germany
55	39	Univ Sherbrooke, Dept Biol, Sherbrooke, PQ, Canada
55	40	Natl Univ Rio Cuarto, Dept Geol, FCEFQyN, ICBIA CONICET Natl Sci & Tech Res Council, Ruta 36 Km, RA-601 Rio Cuarto, Argentina
55	41	Brandenburg Tech Univ Cottbus, Dept Ecol, Konrad Wachsmann Allee 6, Cottbus, Germany
55	42	Univ Montpellier, Eco&Sols, Inst Agro, IRD, INRAE, CIRAD, Montpellier, France
55	43	Cornell Univ, Nat Resources, Ithaca, USA
55	44	Univ Coll Dublin, Earth Inst, Dublin 4, Ireland
55	45	Univ Coll Dublin, Sch Biol & Environm Sci, Dublin, Ireland
55	46	Cornell Univ, Dept Entomol, 3132 Comstock Hall, Ithaca, USA
55	47	INRA, EMMAH, UMR 1114, Site Agroparc, Avignon, France
55	48	Univ Adelaide, Waite Res Inst, Sch Agr Food & Wine, PMB 1, Glen Osmond, SA, Australia
55	49	Univ Toronto, Fac Forestry, 33 Willcocks St, Toronto, ON, Canada
55	50	Univ Poitiers, Lab Ecol & Biol Interact, Equipe EES, UMR CNRS 7267, 5 Rue Albert Turpain, Poitiers, France
55	51	Univ Rennes, Stn Biol, UMR ECOBIO Ecosyst Biodivers Evolut, CNRS, F-35380 Paimpont, France
55	52	ECT Oekotoxikol GmbH, Boettgerstr 2-14, Floersheim, Germany
55	53	Aberystwyth Univ, Inst Biol Environm & Rural Sci, Aberystwyth SY24 3EE, Dyfed, UK
55	54	Royal Agr Univ, Sch Agr Food & Environm, Stroud Rd, Cirencester GL7 6JS, UK
55	55	Univ Georgia, Odum Sch Ecol, 140 E Green St, Athens, USA
55	56	SUNY Coll Cortland, Dept Biol Sci, 1215 Bowers Hall, Cortland, USA
55	57	Univ Complutense Madrid, Biodivers Ecol & Evolut, Fac Biol, Jose Antonio Novais 12, Madrid, Spain
55	58	Yale Univ, Yale Sch Environm, 370 Prospect St, New Haven, USA
55	59	Univ Nacl Lujan, Argentina INEDES, CONICET, Dept Ciencias Basicas, Lujan, Buenos Aires, Argentina
55	60	Louis Bolk Inst, Kosterijland 3-5, Bunnik, Netherlands
55	61	Univ Trier, Dept Soil Sci, Campus II, Behringstr 21, Trier, Germany
55	62	Univ Nacl Lujan, Inst Ecol & Desarrollo Sustentable, Dept Ciencias Basicas, Ave Constituc & Ruta 5, Lujan, Buenos Aires, Argentina
55	63	Inst Evolutionary Biol, Anim Biodivers & Evolut, Passeig Maritim Barceloneta 37, Barcelona, Spain
55	64	Colorado State Univ, Dept Soil & Crop Sci, 1170 Campus Delivery, Ft Collins, USA
55	65	Inst Ecol AC, Biodivers & Systemat Network, Xalapa 91070, Veracruz, Mexico
55	66	Colorado State Univ, Dept Biol, 200 West Lake St, Ft Collins, USA
55	67	Univ Philippines Mindanao, Dept Biol Sci & Environm Studies, Davao, Philippines
55	68	Univ Ghent, Lab Environm Toxicol & Aquat Ecol, Environm Toxicol Unit, GhEnToxLab, Campus Coupure, Coupure Links 653, Ghent, Belgium
55	69	Ctr Forest Ecol & Prod RAS, Profsoyuznaya St 84-32 Bldg 14, Moscow, Russia
55	70	Razi Univ, Kermanshah, Iran
55	71	USDA, Forest Serv, Int Inst Trop Forestry, 1201 Ceiba St, San Juan, USA
55	72	Swedish Univ Agr Sci, Dept Forest Ecol & Management, Skogsmarksgrand 17, S-90183 Umea, Sweden
55	73	Univ Osijek, Dept Biol, Cara Hadrijana 8 A, Osijek, Croatia
55	74	Univ Estadual Maranhao, Agroecol Postgrad Program, Agr Engn, Ave Lourenco Vieira da Silva 1000, Sao Luis, Maranhao, Brazil
55	75	Agr Victoria, Dept Jobs Precincts & Reg, Chiltern Valley Rd, Rutherglen, Australia
55	76	Kyushu Univ, Fac Agr, 394 Tsubakuro, Fukuoka 8112415, Japan
55	77	Minnesota Pollut Control Agcy, 520 Lafayette Rd, St Paul, USA
55	78	Aarhus Univ, Dept Biosci, Vejlsovej 25, Aarhus, Denmark
55	79	Northern Kentucky Univ, Dept Biol Sci, 1 Nunn Dr, Highland Hts, USA
55	80	Colegio Frontera Sur, Agr Sociedad & Ambiente, Ave Poligono S-N Cd Ind Lerma, Campeche, Campeche, Mexico
55	81	Wageningen Univ & Res, Soil Phys & Land Management Grp, Droevendaalsteeg 4, Wageningen, Netherlands
55	82	Univ Jyvaskyla, Dept Biol & Environm Sci, Box 35, Jyvaskyla, Finland
55	83	Lincoln Univ Missouri, Coll Agr Environm & Human Sci, Jefferson City, USA
55	84	Univ Florida, Sch Forest Resources & Conservat, Gainesville, USA
55	85	Univ Agr Sci & Vet Med Banat King Michael 1st Rom, Sustainable Dev & Environm Engn, Calea Aradului 119, Timisoara, Romania
55	86	Univ Kiel, Inst Ecosyst Res, Olshausenstr 40, D-24098 Kiel, Germany
55	87	Tallinn Univ Technol, Tartu Coll, Puiestee 78, Tartu, Estonia
55	88	Univ Idaho, Dept Soil & Water Syst, 875 Perimeter Dr MS, 2340, Moscow, USA
55	89	Fukushima Univ, Fac Food & Agr Sci, Kanayagawa 1, Fukushima, Japan
55	90	Matej Bel Univ, Dept Environm, Fac Nat Sci, Tajovskeho 40, Banska Bystrica, Slovakia
55	91	UK Ctr Ecol & Hydrol, Lib Ave, Lancaster, UK
55	92	Leibniz Ctr Agr Landscape Res, Land Use & Governance, Eberswalder Str 84, Muncheberg, Germany
55	93	Univ Nangui Abrogoua, UFR Sci Nat, UR Gest Durable Sols, Abidjan, Cote Ivoire
55	94	Tarbiat Modares Univ, Fac Nat Resources & Marine Sci, Noor 4641776489, Mazandaran, Iran
55	95	Nat Resources Inst Finland, Prod Syst, Survontie 9 A, Jyvaskyla, Finland
55	96	Pachhunga Univ Coll, Dept Zool, Aizawl, Mizoram, India
55	97	Skolkovo Inst Sci & Technol, 30-1 Bolshoy Blvd, Moscow 121205, Russia
55	98	INRAE, Inst Agro, SAS, F-35042 Rennes, France
55	99	Univ Hawaii Manoa, Coll Trop Agr & Human Resources, Trop Plant & Soil Sci, 3190 Maile Way, St John 102, Honolulu, USA
55	100	Univ Cent Venezuela, Inst Zool & Ecol Trop, Ecol Aplicada, Ciudad Univ, Caracas, Venezuela
55	101	Oklahoma State Univ, Dept Nat Resource Ecol & Management, 008C Ag Hall, Stillwater, USA
55	102	Univ Montpellier, UPR Syst Perennes, CIRAD, TA B-34-02 Ave Agropolis, Montpellier, France
55	103	Czech Univ Life Sci Prague, Fac Forestry & Wood Technol, Dept Forest Ecol, Kamycka 129, Prague, Czech Republic
55	104	Tochigi Prefectural Museum, 2-2 Mutsumi Cho, Utsunomiya, Tochigi, Japan
55	105	Thuenen Inst Biodivers, Bundesallee 65, Braunschweig, Germany
55	106	Thuenen Inst Organ Farming, Trenthorst 32, Westerau, Germany
55	107	Univ Extremadura, Plant Biol Ecol & Earth Sci, INDEHESA, Plasencia, Spain
55	108	Colegio Frontera Sur, Conservac Biodiversidad, Ave Rancho, Poligono 2 A, Campeche, Campeche, Mexico
55	109	Doshisha Univ, Dept Environm Syst Sci, Fac Sci & Engn, Kyoto 6028580, Japan
55	110	Katholieke Univ Leuven, Div Forest Nat & Landscape, Dept Earth & Environm Sci, Celestijnenlaan 200E Box, B-2411 Leuven, Belgium
55	111	Res Inst Nat & Forest, Gaverstr 35, B-9500 Geraardsbergen, Belgium
55	112	Bern Univ Appl Sci, Sch Agr Forest & Food Sci, Langgasse 85, Zollikofen, Switzerland
55	113	Nat Resources Inst Finland Luke, Soil Ecosyst, Tietotie 4, Jokioinen, Finland
55	114	Nat Area Consultants, 1 West Hill Sch Rd, Richford, USA
55	115	PSMO Coll, Dept Zool, Malappuram, Kerala, India
55	116	CSIRO, CSIRO Ocean & Atmosphere, New Illawarra Rd, Lucas Heights, NSW, Australia
55	117	Sorbonne Univ, CNRS, Stn Biol Roscoff, UMR7144 Adaptat & Diversite Milieu Marin, Pl Georges Teissier, Roscoff, France
55	118	Phipps Conservatory & Bot Gardens, Pittsburgh, USA
55	119	Inst Agro Agrocampus Ouest, UMR SAS, INRAE, F-35000 Rennes, France
55	120	Univ Alcala, Dept Life Sci, Forest Ecol & Restorat Grp, Alcala De Henares 28805, Spain
55	121	CNRS, Museum Natl Hist Nat, UMR 7179, Adaptat Vivant, 4 Ave Petit Chateau, Brunoy, France
55	122	Tech Univ Munich, Dept Ecol & Ecosyst Management, Emil Ramann Str 2, D-85354 Freising Weihenstephan, Germany
55	123	Russian Acad Sci, Tembotov Inst Ecol Mt Terr, I Armand 37a, Nalchik, Russia
55	124	King Abdulaziz Univ, Ctr Excellence Environm Studies, POB 80216, Jeddah 21589, Saudi Arabia
55	125	Univ Alcala, Dept Life Sci, Global Change Ecol & Evolut Res Grp GloCEE, Alcala De Henares 28805, Spain
55	126	Univ Minnesota, Dept Forest Resources, 1530 Cleveland Ave N, St Paul, USA
55	127	Friends Mississippi River, 101 E 5th St Suite 2000, St Paul, USA
55	128	Univ Fed Maranhao, Biol Biodivers & Conservat Postgrad Program, Ave Portugueses 1966, Sao Luis, Maranhao, Brazil
55	129	Jagiellonian Univ, Inst Environm Sci, Gronostajowa 7, Krakow, Poland
55	130	Univ Wisconsin, Coll Nat Resources, Stevens Point, USA
55	131	Morton Arboretum, 4100 Illinois Route 53, Lisle, USA
55	132	Leibniz Inst Agr Engn & Bioecon ATB, Dept Engn Crop Prod, Max Eyth Allee 100, Potsdam, Germany
55	133	Univ Coll Dublin, Agr & Food Sci Ctr, Sch Agr & Food Sci, Dublin, Ireland
55	134	Univ Coll Dublin, UCD Earth Inst, Dublin, Ireland
55	135	Tech Univ Carolo Wilhelmina Braunschweig, Inst Geoecol, Landscape Ecol & Environm Syst Anal, Langer Kamp 19c, Braunschweig, Germany
55	136	Univ Innsbruck, Dept Ecol, Technikerstr 25, Innsbruck, Austria
55	137	Eurac Res, Inst Alpine Environm, Viale Druso 1, Bozen Bolzano, Italy
55	138	Russian Acad Sci, Inst Physicochem & Biol Problems Soil Sci, Lab Ecosyst Modelling, Inst Skaya Str 2, Pushchino, Russia
55	139	Russian Acad Sci, Lab Computat Ecol, Inst Math Problems Biol RAS, Branch Keldysh Inst Appl Math, Vitkevicha Str 1, Pushchino, Russia
55	140	Khalsa Coll Amritsar, Dept Zool, Amritsar, Punjab, India
55	141	Johns Hopkins Univ, Dept Earth & Planetary Sci, 3400 N Charles St, Baltimore, USA
55	142	Univ La Laguna, Fac Biol Sci, Dept Anim Biol Edaphol & Geol, San Cristobal la Laguna, Santa Cruz De T, Spain
55	143	Kochi Univ, Forest Sci, Monobe Otsu 200, Nankoku, Kochi, Japan
55	144	Juarez Autonomous Univ Tabasco, Multidisciplinary Acad Div Jalpa de Mendez, Nanotechnol Engn, Km 27 S-N, CP 86205 Jalpa de Mendez, Villahermosa 86205, Tabasco, Mexico
55	145	WWF Netherlands, Unit Food & Agr, Driebergseweg 10, Zeist, Netherlands
55	146	Univ Publ Navarra, IS FOOD, Dpto Ciencias, Edificio Olivos Campus Arrosadia, Pamplona, Spain
55	147	Univ Minnesota, Dept Soil Water & Climate, 1991 Upper Buford Circle, St Paul, USA
55	148	Earth Innovat Inst, 98 Battery St Suite 250, San Francisco, USA
55	149	Univ Calif Davis, 1 Shields Ave, Davis, USA
55	150	Univ Hawaii Manoa, Nat Resources & Environm Management, 1910 East West Rd, Honolulu, USA
55	151	McGill Univ, Nat Resource Sci, 21111 Lakeshore Rd, Ste Anne De Bellevue, PQ, Canada
55	152	Nature Conservancy, 4245 Fairfax Dr, Arlington, USA
55	153	Justus Liebig Univ, Anim Ecol, Heinrich Buff Ring 26, Giessen, Germany
55	154	Southwest Minzu Univ, Inst Qinghai Tibetan Plateau, Chengdu, Sichuan, Peoples R China
55	155	Russian Acad Sci, Inst North Ind Ecol Problems INEP KSC RAS, Fed Res Ctr Kola Sci Ctr, Lab Terr Ecosyst, Akademgorodok 14a, Apatity, Murmansk, Russia
55	156	Henan Univ, Coll Environm & Planning, Minist Educ, Key Lab Geospatial Technol Middle & Lower Yellow, Kaifeng, Peoples R China
55	157	Fac Biol & Environm Sci, POB 65, FI-00014 Helsinki, Finland
